[
{
  "model": "people.personstatus",
  "pk": 1,
  "fields": {
    "title": "Human"
  }
},
{
  "model": "people.personstatus",
  "pk": 2,
  "fields": {
    "title": "Elf"
  }
},
{
  "model": "people.personstatusrelationship",
  "pk": 1,
  "fields": {
    "person_page": 13,
    "person_statuses": 1
  }
},
{
  "model": "people.personstatusrelationship",
  "pk": 2,
  "fields": {
    "person_page": 11,
    "person_statuses": 2
  }
},
{
  "model": "people.personstatusrelationship",
  "pk": 3,
  "fields": {
    "person_page": 9,
    "person_statuses": 1
  }
},
{
  "model": "people.personlocationrelationship",
  "pk": 1,
  "fields": {
    "person_page": 9,
    "location": 8
  }
},
{
  "model": "people.personlocationrelationship",
  "pk": 2,
  "fields": {
    "person_page": 11,
    "location": 8
  }
},
{
  "model": "people.personlocationrelationship",
  "pk": 4,
  "fields": {
    "person_page": 13,
    "location": 8
  }
},
{
  "model": "people.personskillsrelationship",
  "pk": 1,
  "fields": {
    "sort_order": 0,
    "person_page": 9,
    "skills": 6
  }
},
{
  "model": "people.personskillsrelationship",
  "pk": 2,
  "fields": {
    "sort_order": 0,
    "person_page": 11,
    "skills": 10
  }
},
{
  "model": "people.personskillsrelationship",
  "pk": 3,
  "fields": {
    "sort_order": 0,
    "person_page": 13,
    "skills": 10
  }
},
{
  "model": "people.personskillsrelationship",
  "pk": 4,
  "fields": {
    "sort_order": 1,
    "person_page": 13,
    "skills": 6
  }
},
{
  "model": "wagtailimages.filter",
  "pk": 1,
  "fields": {
    "spec": "max-165x165"
  }
},
{
  "model": "wagtailimages.filter",
  "pk": 2,
  "fields": {
    "spec": "width-400"
  }
},
{
  "model": "wagtailimages.filter",
  "pk": 3,
  "fields": {
    "spec": "original"
  }
},
{
  "model": "wagtailimages.filter",
  "pk": 4,
  "fields": {
    "spec": "max-800x600"
  }
},
{
  "model": "wagtailimages.rendition",
  "pk": 1,
  "fields": {
    "filter": 1,
    "filter_spec": "max-165x165",
    "file": "images/Capture_decran_2016-09-20_a_14.18.22.max-165x165.png",
    "width": 165,
    "height": 121,
    "focal_point_key": "",
    "image": 1
  }
},
{
  "model": "wagtailimages.rendition",
  "pk": 2,
  "fields": {
    "filter": 2,
    "filter_spec": "width-400",
    "file": "images/Capture_decran_2016-09-20_a_14.18.22.width-400.png",
    "width": 400,
    "height": 293,
    "focal_point_key": "",
    "image": 1
  }
},
{
  "model": "wagtailimages.rendition",
  "pk": 3,
  "fields": {
    "filter": 1,
    "filter_spec": "max-165x165",
    "file": "images/Aragorn_Close_up_-_FOTR.max-165x165.png",
    "width": 165,
    "height": 127,
    "focal_point_key": "",
    "image": 2
  }
},
{
  "model": "wagtailimages.rendition",
  "pk": 4,
  "fields": {
    "filter": 1,
    "filter_spec": "max-165x165",
    "file": "images/Liv_Tyler_Arwen_Undomiel.max-165x165.jpg",
    "width": 165,
    "height": 109,
    "focal_point_key": "",
    "image": 3
  }
},
{
  "model": "wagtailimages.rendition",
  "pk": 5,
  "fields": {
    "filter": 1,
    "filter_spec": "max-165x165",
    "file": "images/gandalf-galopping-to-minas-tirith-lord-of-th.max-165x165.jpg",
    "width": 165,
    "height": 103,
    "focal_point_key": "",
    "image": 4
  }
},
{
  "model": "wagtailimages.rendition",
  "pk": 6,
  "fields": {
    "filter": 1,
    "filter_spec": "max-165x165",
    "file": "images/Yre1o.max-165x165.jpg",
    "width": 165,
    "height": 92,
    "focal_point_key": "",
    "image": 5
  }
},
{
  "model": "wagtailimages.rendition",
  "pk": 7,
  "fields": {
    "filter": 1,
    "filter_spec": "max-165x165",
    "file": "images/Lotr-boromir-1280jpg-b6a4d5_1280w.max-165x165.jpg",
    "width": 165,
    "height": 92,
    "focal_point_key": "",
    "image": 6
  }
},
{
  "model": "wagtailimages.rendition",
  "pk": 8,
  "fields": {
    "filter": 2,
    "filter_spec": "width-400",
    "file": "images/Lotr-boromir-1280jpg-b6a4d5_1280w.width-400.jpg",
    "width": 400,
    "height": 225,
    "focal_point_key": "",
    "image": 6
  }
},
{
  "model": "wagtailimages.rendition",
  "pk": 9,
  "fields": {
    "filter": 2,
    "filter_spec": "width-400",
    "file": "images/Liv_Tyler_Arwen_Undomiel.width-400.jpg",
    "width": 400,
    "height": 264,
    "focal_point_key": "",
    "image": 3
  }
},
{
  "model": "wagtailimages.rendition",
  "pk": 10,
  "fields": {
    "filter": 2,
    "filter_spec": "width-400",
    "file": "images/Aragorn_Close_up_-_FOTR.width-400.png",
    "width": 400,
    "height": 309,
    "focal_point_key": "",
    "image": 2
  }
},
{
  "model": "wagtailimages.rendition",
  "pk": 11,
  "fields": {
    "filter": 3,
    "filter_spec": "original",
    "file": "images/Lotr-boromir-1280jpg-b6a4d5_1280w.original.jpg",
    "width": 1280,
    "height": 720,
    "focal_point_key": "",
    "image": 6
  }
},
{
  "model": "wagtailimages.rendition",
  "pk": 12,
  "fields": {
    "filter": 4,
    "filter_spec": "max-800x600",
    "file": "images/Lotr-boromir-1280jpg-b6a4d5_1280w.max-800x600.jpg",
    "width": 800,
    "height": 450,
    "focal_point_key": "",
    "image": 6
  }
},
{
  "model": "wagtailimages.rendition",
  "pk": 13,
  "fields": {
    "filter": 3,
    "filter_spec": "original",
    "file": "images/Yre1o.original.jpg",
    "width": 1920,
    "height": 1080,
    "focal_point_key": "",
    "image": 5
  }
},
{
  "model": "wagtailimages.rendition",
  "pk": 14,
  "fields": {
    "filter": 4,
    "filter_spec": "max-800x600",
    "file": "images/Yre1o.max-800x600.jpg",
    "width": 800,
    "height": 450,
    "focal_point_key": "",
    "image": 5
  }
},
{
  "model": "wagtailimages.rendition",
  "pk": 15,
  "fields": {
    "filter": 3,
    "filter_spec": "original",
    "file": "images/gandalf-galopping-to-minas-tirith-lord-of-the-r.original.jpg",
    "width": 1680,
    "height": 1050,
    "focal_point_key": "",
    "image": 4
  }
},
{
  "model": "wagtailimages.rendition",
  "pk": 16,
  "fields": {
    "filter": 4,
    "filter_spec": "max-800x600",
    "file": "images/gandalf-galopping-to-minas-tirith-lord-of-th.max-800x600.jpg",
    "width": 800,
    "height": 500,
    "focal_point_key": "",
    "image": 4
  }
},
{
  "model": "wagtailimages.rendition",
  "pk": 17,
  "fields": {
    "filter": 3,
    "filter_spec": "original",
    "file": "images/Liv_Tyler_Arwen_Undomiel.original.jpg",
    "width": 500,
    "height": 331,
    "focal_point_key": "",
    "image": 3
  }
},
{
  "model": "wagtailimages.rendition",
  "pk": 18,
  "fields": {
    "filter": 4,
    "filter_spec": "max-800x600",
    "file": "images/Liv_Tyler_Arwen_Undomiel.max-800x600.jpg",
    "width": 500,
    "height": 331,
    "focal_point_key": "",
    "image": 3
  }
},
{
  "model": "wagtailimages.rendition",
  "pk": 19,
  "fields": {
    "filter": 3,
    "filter_spec": "original",
    "file": "images/Aragorn_Close_up_-_FOTR.original.png",
    "width": 683,
    "height": 528,
    "focal_point_key": "",
    "image": 2
  }
},
{
  "model": "wagtailimages.rendition",
  "pk": 20,
  "fields": {
    "filter": 4,
    "filter_spec": "max-800x600",
    "file": "images/Aragorn_Close_up_-_FOTR.max-800x600.png",
    "width": 683,
    "height": 528,
    "focal_point_key": "",
    "image": 2
  }
},
{
  "model": "wagtailimages.rendition",
  "pk": 21,
  "fields": {
    "filter": 3,
    "filter_spec": "original",
    "file": "images/Capture_decran_2016-09-20_a_14.18.22.original.png",
    "width": 1256,
    "height": 922,
    "focal_point_key": "",
    "image": 1
  }
},
{
  "model": "wagtailimages.rendition",
  "pk": 22,
  "fields": {
    "filter": 4,
    "filter_spec": "max-800x600",
    "file": "images/Capture_decran_2016-09-20_a_14.18.22.max-800x600.png",
    "width": 800,
    "height": 587,
    "focal_point_key": "",
    "image": 1
  }
},
{
  "model": "wagtailcore.collection",
  "pk": 1,
  "fields": {
    "path": "0001",
    "depth": 1,
    "numchild": 0,
    "name": "Root"
  }
},
{
  "model": "auth.group",
  "pk": 1,
  "fields": {
    "name": "Moderators",
    "permissions": [
      4,
      5,
      6,
      7,
      1,
      2,
      3
    ]
  }
},
{
  "model": "auth.group",
  "pk": 2,
  "fields": {
    "name": "Editors",
    "permissions": [
      4,
      5,
      6,
      7,
      1,
      2,
      3
    ]
  }
},
{
  "model": "auth.user",
  "pk": 1,
  "fields": {
    "password": "pbkdf2_sha256$24000$sGXQsFampWOr$7/l9IbjDxPbGBJTWP5aChBQIEGsBTvHIXdJgxyjQSJM=",
    "last_login": "2017-01-06T16:08:04.629Z",
    "is_superuser": true,
    "username": "sacco",
    "first_name": "",
    "last_name": "",
    "email": "edd.baldry@gmail.com",
    "is_staff": true,
    "is_active": true,
    "date_joined": "2016-10-24T15:14:03.785Z",
    "groups": [],
    "user_permissions": []
  }
},
{
  "model": "sessions.session",
  "pk": "rs7s40fezgx5kxms9sszt13yuiym31d6",
  "fields": {
    "session_data": "NTQ4MmQwNWU1Nzg1MTY3OGRjZDc0ODcwZWIxYjM0MGNlYzYzNWE1Njp7Il9hdXRoX3VzZXJfYmFja2VuZCI6ImRqYW5nby5jb250cmliLmF1dGguYmFja2VuZHMuTW9kZWxCYWNrZW5kIiwiX2F1dGhfdXNlcl9pZCI6IjEiLCJfYXV0aF91c2VyX2hhc2giOiJmZjFiNzMyYWM2MWRiODAwNmM3OGExZDk4NDExMGI2MjE2NWE3ZjI4In0=",
    "expire_date": "2017-01-20T16:08:04.631Z"
  }
},
{
  "model": "sessions.session",
  "pk": "tzxqpdz1zlu0ry0zbbbuvk5zpr6xr8eo",
  "fields": {
    "session_data": "MDM0ZjcxZWI1OTNlNzE3ODUyYjg0M2U3OWVkNGY5NDk2NzI1ODFkYzp7Il9hdXRoX3VzZXJfaWQiOiIxIiwiX2F1dGhfdXNlcl9iYWNrZW5kIjoiZGphbmdvLmNvbnRyaWIuYXV0aC5iYWNrZW5kcy5Nb2RlbEJhY2tlbmQiLCJfYXV0aF91c2VyX2hhc2giOiJmZjFiNzMyYWM2MWRiODAwNmM3OGExZDk4NDExMGI2MjE2NWE3ZjI4In0=",
    "expire_date": "2016-11-07T15:14:32.677Z"
  }
},
{
  "model": "wagtailcore.groupcollectionpermission",
  "pk": 1,
  "fields": {
    "group": 1,
    "collection": 1,
    "permission": 1
  }
},
{
  "model": "wagtailcore.groupcollectionpermission",
  "pk": 2,
  "fields": {
    "group": 2,
    "collection": 1,
    "permission": 1
  }
},
{
  "model": "wagtailcore.groupcollectionpermission",
  "pk": 3,
  "fields": {
    "group": 1,
    "collection": 1,
    "permission": 2
  }
},
{
  "model": "wagtailcore.groupcollectionpermission",
  "pk": 4,
  "fields": {
    "group": 2,
    "collection": 1,
    "permission": 2
  }
},
{
  "model": "wagtailcore.groupcollectionpermission",
  "pk": 5,
  "fields": {
    "group": 1,
    "collection": 1,
    "permission": 5
  }
},
{
  "model": "wagtailcore.groupcollectionpermission",
  "pk": 6,
  "fields": {
    "group": 2,
    "collection": 1,
    "permission": 5
  }
},
{
  "model": "wagtailcore.groupcollectionpermission",
  "pk": 7,
  "fields": {
    "group": 1,
    "collection": 1,
    "permission": 6
  }
},
{
  "model": "wagtailcore.groupcollectionpermission",
  "pk": 8,
  "fields": {
    "group": 2,
    "collection": 1,
    "permission": 6
  }
},
{
  "model": "wagtailcore.grouppagepermission",
  "pk": 1,
  "fields": {
    "group": 1,
    "page": 1,
    "permission_type": "add"
  }
},
{
  "model": "wagtailcore.grouppagepermission",
  "pk": 2,
  "fields": {
    "group": 1,
    "page": 1,
    "permission_type": "edit"
  }
},
{
  "model": "wagtailcore.grouppagepermission",
  "pk": 3,
  "fields": {
    "group": 1,
    "page": 1,
    "permission_type": "publish"
  }
},
{
  "model": "wagtailcore.grouppagepermission",
  "pk": 4,
  "fields": {
    "group": 2,
    "page": 1,
    "permission_type": "add"
  }
},
{
  "model": "wagtailcore.grouppagepermission",
  "pk": 5,
  "fields": {
    "group": 2,
    "page": 1,
    "permission_type": "edit"
  }
},
{
  "model": "wagtailcore.grouppagepermission",
  "pk": 6,
  "fields": {
    "group": 1,
    "page": 1,
    "permission_type": "lock"
  }
},
{
  "model": "wagtailcore.pagerevision",
  "pk": 1,
  "fields": {
    "page": 2,
    "submitted_for_moderation": false,
    "created_at": "2016-10-24T15:15:47.783Z",
    "user": 1,
    "content_json": "{\"featured_page_3\": null, \"featured_page_1\": null, \"title\": \"Homepage\", \"latest_revision_created_at\": null, \"show_in_menus\": false, \"hero_image\": null, \"depth\": 2, \"live\": true, \"content_type\": 5, \"expired\": false, \"url_path\": \"/homepage/\", \"featured_page_2_text\": \"\", \"featured_page_1_text\": \"\", \"slug\": \"homepage\", \"locked\": false, \"pk\": 3, \"numchild\": 0, \"first_published_at\": null, \"featured_page_2\": null, \"expire_at\": null, \"path\": \"00010001\", \"owner\": 1, \"seo_title\": \"\", \"has_unpublished_changes\": false, \"search_description\": \"\", \"strapline\": \"Something awesome\", \"go_live_at\": null, \"organisation_name\": \"Some sort of superstar team\", \"featured_page_3_text\": \"\"}",
    "approved_go_live_at": null
  }
},
{
  "model": "wagtailcore.pagerevision",
  "pk": 2,
  "fields": {
    "page": 4,
    "submitted_for_moderation": false,
    "created_at": "2016-10-24T15:16:10.142Z",
    "user": 1,
    "content_json": "{\"content_type\": 13, \"expire_at\": null, \"title\": \"This is an index page\", \"first_published_at\": null, \"has_unpublished_changes\": false, \"latest_revision_created_at\": null, \"show_in_menus\": false, \"owner\": 1, \"depth\": 3, \"live\": true, \"path\": \"000100010001\", \"search_description\": \"\", \"expired\": false, \"url_path\": \"/homepage/index-page/\", \"go_live_at\": null, \"pk\": 4, \"introduction\": \"This is a piece of introductory text\", \"locked\": false, \"slug\": \"index-page\", \"numchild\": 0, \"seo_title\": \"\"}",
    "approved_go_live_at": null
  }
},
{
  "model": "wagtailcore.pagerevision",
  "pk": 3,
  "fields": {
    "page": 5,
    "submitted_for_moderation": false,
    "created_at": "2016-10-24T15:16:57.837Z",
    "user": 1,
    "content_json": "{\"content_type\": 15, \"expire_at\": null, \"title\": \"Skills index\", \"first_published_at\": null, \"has_unpublished_changes\": false, \"latest_revision_created_at\": null, \"show_in_menus\": false, \"owner\": 1, \"depth\": 3, \"live\": true, \"path\": \"000100010002\", \"search_description\": \"\", \"expired\": false, \"url_path\": \"/homepage/skills-index/\", \"go_live_at\": null, \"pk\": 5, \"introduction\": \"\", \"locked\": false, \"slug\": \"skills-index\", \"numchild\": 0, \"seo_title\": \"\"}",
    "approved_go_live_at": null
  }
},
{
  "model": "wagtailcore.pagerevision",
  "pk": 4,
  "fields": {
    "page": 6,
    "submitted_for_moderation": false,
    "created_at": "2016-10-24T15:17:08.673Z",
    "user": 1,
    "content_json": "{\"content_type\": 14, \"expire_at\": null, \"title\": \"Skill A\", \"first_published_at\": null, \"has_unpublished_changes\": false, \"latest_revision_created_at\": null, \"show_in_menus\": false, \"owner\": 1, \"depth\": 4, \"live\": true, \"path\": \"0001000100020001\", \"body\": \"<p>Text about this skill</p>\", \"search_description\": \"\", \"expired\": false, \"url_path\": \"/homepage/skills-index/skill/\", \"go_live_at\": null, \"pk\": 6, \"locked\": false, \"slug\": \"skill\", \"numchild\": 0, \"seo_title\": \"\"}",
    "approved_go_live_at": null
  }
},
{
  "model": "wagtailcore.pagerevision",
  "pk": 5,
  "fields": {
    "page": 7,
    "submitted_for_moderation": false,
    "created_at": "2016-10-24T15:19:00.558Z",
    "user": 1,
    "content_json": "{\"content_type\": 7, \"expire_at\": null, \"title\": \"Location index page\", \"first_published_at\": null, \"has_unpublished_changes\": false, \"latest_revision_created_at\": null, \"show_in_menus\": false, \"owner\": 1, \"depth\": 3, \"live\": true, \"path\": \"000100010003\", \"search_description\": \"\", \"expired\": false, \"url_path\": \"/homepage/location-index-page/\", \"go_live_at\": null, \"pk\": 7, \"introduction\": \"This is a list of places\", \"locked\": false, \"slug\": \"location-index-page\", \"numchild\": 0, \"seo_title\": \"\"}",
    "approved_go_live_at": null
  }
},
{
  "model": "wagtailcore.pagerevision",
  "pk": 6,
  "fields": {
    "page": 8,
    "submitted_for_moderation": false,
    "created_at": "2016-10-24T15:19:13.932Z",
    "user": 1,
    "content_json": "{\"title\": \"Mordor\", \"latest_revision_created_at\": null, \"show_in_menus\": false, \"depth\": 4, \"live\": true, \"content_type\": 6, \"expired\": false, \"url_path\": \"/homepage/location-index-page/mordor/\", \"slug\": \"mordor\", \"locked\": false, \"numchild\": 0, \"first_published_at\": null, \"expire_at\": null, \"path\": \"0001000100030001\", \"owner\": 1, \"seo_title\": \"\", \"has_unpublished_changes\": false, \"body\": \"[{\\\"type\\\": \\\"paragraph\\\", \\\"value\\\": \\\"<p>Is hot</p>\\\"}]\", \"search_description\": \"\", \"go_live_at\": null, \"pk\": 8, \"image\": null}",
    "approved_go_live_at": null
  }
},
{
  "model": "wagtailcore.pagerevision",
  "pk": 7,
  "fields": {
    "page": 9,
    "submitted_for_moderation": false,
    "created_at": "2016-10-24T15:19:40.784Z",
    "user": 1,
    "content_json": "{\"person_skills_relationship\": [{\"person_page\": 9, \"skills\": 6, \"pk\": 1, \"sort_order\": 0}], \"title\": \"Person A\", \"person_location_relationship\": [{\"location\": 8, \"pk\": 1, \"person_page\": 9}], \"latest_revision_created_at\": null, \"show_in_menus\": false, \"depth\": 4, \"live\": true, \"content_type\": 12, \"expired\": false, \"url_path\": \"/homepage/index-page/person/\", \"slug\": \"person\", \"locked\": false, \"person_employment_relationship\": [{\"employment_statuses\": 1, \"pk\": 1, \"person_page\": 9}], \"numchild\": 0, \"first_published_at\": null, \"expire_at\": null, \"path\": \"0001000100010001\", \"owner\": 1, \"seo_title\": \"\", \"has_unpublished_changes\": false, \"body\": \"[{\\\"type\\\": \\\"paragraph\\\", \\\"value\\\": \\\"<p>Abc</p>\\\"}]\", \"search_description\": \"\", \"go_live_at\": null, \"pk\": 9, \"image\": null}",
    "approved_go_live_at": null
  }
},
{
  "model": "wagtailcore.pagerevision",
  "pk": 8,
  "fields": {
    "page": 9,
    "submitted_for_moderation": false,
    "created_at": "2016-10-24T15:51:22.015Z",
    "user": 1,
    "content_json": "{\"first_published_at\": \"2016-10-24T15:19:40.837Z\", \"slug\": \"person\", \"content_type\": 12, \"latest_revision_created_at\": \"2016-10-24T15:19:40.784Z\", \"pk\": 9, \"expired\": false, \"show_in_menus\": false, \"title\": \"Person A\", \"numchild\": 0, \"image\": 1, \"person_location_relationship\": [{\"pk\": 1, \"person_page\": 9, \"location\": 8}], \"search_description\": \"\", \"live\": true, \"locked\": false, \"person_employment_relationship\": [{\"employment_statuses\": 1, \"pk\": 1, \"person_page\": 9}], \"go_live_at\": null, \"expire_at\": null, \"path\": \"0001000100010001\", \"owner\": 1, \"depth\": 4, \"person_skills_relationship\": [{\"sort_order\": 0, \"pk\": 1, \"person_page\": 9, \"skills\": 6}], \"body\": \"[{\\\"value\\\": \\\"<p>Abc</p>\\\", \\\"type\\\": \\\"paragraph\\\"}]\", \"url_path\": \"/homepage/index-page/person/\", \"has_unpublished_changes\": false, \"seo_title\": \"\"}",
    "approved_go_live_at": null
  }
},
{
  "model": "wagtailcore.pagerevision",
  "pk": 9,
  "fields": {
    "page": 9,
    "submitted_for_moderation": false,
    "created_at": "2017-01-09T10:32:01.469Z",
    "user": 1,
    "content_json": "{\"first_published_at\": \"2016-10-24T15:19:40.837Z\", \"live\": true, \"numchild\": 0, \"person_employment_relationship\": [{\"person_page\": 9, \"employment_statuses\": 1, \"pk\": 1}], \"person_location_relationship\": [{\"person_page\": 9, \"location\": 8, \"pk\": 1}], \"pk\": 9, \"seo_title\": \"\", \"expired\": false, \"slug\": \"person\", \"path\": \"0001000100010001\", \"url_path\": \"/homepage/index-page/person/\", \"image\": 2, \"person_skills_relationship\": [{\"person_page\": 9, \"sort_order\": 0, \"skills\": 6, \"pk\": 1}], \"owner\": 1, \"content_type\": 12, \"latest_revision_created_at\": \"2016-10-24T15:51:22.015Z\", \"has_unpublished_changes\": false, \"search_description\": \"\", \"body\": \"[{\\\"type\\\": \\\"paragraph\\\", \\\"value\\\": \\\"<p>Abc</p>\\\"}]\", \"go_live_at\": null, \"title\": \"Aragon\", \"depth\": 4, \"locked\": false, \"show_in_menus\": false, \"expire_at\": null}",
    "approved_go_live_at": null
  }
},
{
  "model": "wagtailcore.pagerevision",
  "pk": 10,
  "fields": {
    "page": 10,
    "submitted_for_moderation": false,
    "created_at": "2017-01-09T10:32:51.247Z",
    "user": 1,
    "content_json": "{\"first_published_at\": null, \"owner\": 1, \"go_live_at\": null, \"numchild\": 0, \"content_type\": 14, \"search_description\": \"\", \"latest_revision_created_at\": null, \"has_unpublished_changes\": false, \"seo_title\": \"\", \"expired\": false, \"title\": \"Skill B\", \"body\": \"<p>This is information about a skill</p>\", \"live\": true, \"path\": \"0001000100020002\", \"url_path\": \"/homepage/skills-index/skill-b/\", \"slug\": \"skill-b\", \"pk\": 10, \"depth\": 4, \"locked\": false, \"show_in_menus\": false, \"expire_at\": null}",
    "approved_go_live_at": null
  }
},
{
  "model": "wagtailcore.pagerevision",
  "pk": 11,
  "fields": {
    "page": 5,
    "submitted_for_moderation": false,
    "created_at": "2017-01-09T10:33:06.703Z",
    "user": 1,
    "content_json": "{\"first_published_at\": \"2016-10-24T15:16:57.890Z\", \"owner\": 1, \"go_live_at\": null, \"numchild\": 2, \"introduction\": \"\", \"content_type\": 15, \"search_description\": \"\", \"latest_revision_created_at\": \"2016-10-24T15:16:57.837Z\", \"has_unpublished_changes\": false, \"seo_title\": \"\", \"expired\": false, \"title\": \"Skills\", \"live\": true, \"path\": \"000100010002\", \"url_path\": \"/homepage/skills-index/\", \"slug\": \"skills-index\", \"pk\": 5, \"depth\": 3, \"locked\": false, \"show_in_menus\": true, \"expire_at\": null}",
    "approved_go_live_at": null
  }
},
{
  "model": "wagtailcore.pagerevision",
  "pk": 12,
  "fields": {
    "page": 7,
    "submitted_for_moderation": false,
    "created_at": "2017-01-09T10:33:19.456Z",
    "user": 1,
    "content_json": "{\"first_published_at\": \"2016-10-24T15:19:00.608Z\", \"owner\": 1, \"go_live_at\": null, \"numchild\": 1, \"introduction\": \"This is a list of places\", \"content_type\": 7, \"search_description\": \"\", \"latest_revision_created_at\": \"2016-10-24T15:19:00.558Z\", \"has_unpublished_changes\": false, \"seo_title\": \"\", \"expired\": false, \"title\": \"Locations\", \"live\": true, \"path\": \"000100010003\", \"url_path\": \"/homepage/location-index-page/\", \"slug\": \"location-index-page\", \"pk\": 7, \"depth\": 3, \"locked\": false, \"show_in_menus\": true, \"expire_at\": null}",
    "approved_go_live_at": null
  }
},
{
  "model": "wagtailcore.pagerevision",
  "pk": 13,
  "fields": {
    "page": 4,
    "submitted_for_moderation": false,
    "created_at": "2017-01-09T10:33:29.626Z",
    "user": 1,
    "content_json": "{\"first_published_at\": \"2016-10-24T15:16:10.211Z\", \"owner\": 1, \"go_live_at\": null, \"numchild\": 1, \"introduction\": \"This is a piece of introductory text\", \"content_type\": 13, \"search_description\": \"\", \"latest_revision_created_at\": \"2016-10-24T15:16:10.142Z\", \"has_unpublished_changes\": false, \"seo_title\": \"\", \"expired\": false, \"title\": \"People\", \"live\": true, \"path\": \"000100010001\", \"url_path\": \"/homepage/index-page/\", \"slug\": \"index-page\", \"pk\": 4, \"depth\": 3, \"locked\": false, \"show_in_menus\": true, \"expire_at\": null}",
    "approved_go_live_at": null
  }
},
{
  "model": "wagtailcore.pagerevision",
  "pk": 14,
  "fields": {
    "page": 11,
    "submitted_for_moderation": false,
    "created_at": "2017-01-09T10:35:32.004Z",
    "user": 1,
    "content_json": "{\"first_published_at\": null, \"live\": true, \"numchild\": 0, \"person_employment_relationship\": [{\"person_page\": 11, \"employment_statuses\": 2, \"pk\": 2}], \"person_location_relationship\": [{\"person_page\": 11, \"location\": 8, \"pk\": 2}], \"pk\": 11, \"seo_title\": \"\", \"expired\": false, \"slug\": \"arwen\", \"path\": \"0001000100010002\", \"url_path\": \"/homepage/index-page/arwen/\", \"image\": 3, \"person_skills_relationship\": [{\"person_page\": 11, \"sort_order\": 0, \"skills\": 10, \"pk\": 2}], \"owner\": 1, \"content_type\": 12, \"latest_revision_created_at\": null, \"has_unpublished_changes\": false, \"search_description\": \"\", \"body\": \"[{\\\"type\\\": \\\"paragraph\\\", \\\"value\\\": \\\"<p>This is some text on Arwen</p>\\\"}]\", \"go_live_at\": null, \"title\": \"Arwen\", \"depth\": 4, \"locked\": false, \"show_in_menus\": false, \"expire_at\": null}",
    "approved_go_live_at": null
  }
},
{
  "model": "wagtailcore.pagerevision",
  "pk": 15,
  "fields": {
    "page": 12,
    "submitted_for_moderation": false,
    "created_at": "2017-01-09T10:57:05.919Z",
    "user": 1,
    "content_json": "{\"first_published_at\": null, \"live\": true, \"numchild\": 0, \"pk\": 12, \"seo_title\": \"\", \"expired\": false, \"slug\": \"minas-tirith\", \"path\": \"0001000100030002\", \"url_path\": \"/homepage/location-index-page/minas-tirith/\", \"image\": 4, \"owner\": 1, \"content_type\": 6, \"latest_revision_created_at\": null, \"has_unpublished_changes\": false, \"search_description\": \"\", \"body\": \"[{\\\"type\\\": \\\"paragraph\\\", \\\"value\\\": \\\"<p>This is some text about minas tirith</p>\\\"}]\", \"go_live_at\": null, \"title\": \"Minas Tirith\", \"depth\": 4, \"locked\": false, \"show_in_menus\": false, \"expire_at\": null}",
    "approved_go_live_at": null
  }
},
{
  "model": "wagtailcore.pagerevision",
  "pk": 16,
  "fields": {
    "page": 8,
    "submitted_for_moderation": false,
    "created_at": "2017-01-09T10:57:20.972Z",
    "user": 1,
    "content_json": "{\"first_published_at\": \"2016-10-24T15:19:13.969Z\", \"live\": true, \"numchild\": 0, \"pk\": 8, \"seo_title\": \"\", \"expired\": false, \"slug\": \"mordor\", \"path\": \"0001000100030001\", \"url_path\": \"/homepage/location-index-page/mordor/\", \"image\": 5, \"owner\": 1, \"content_type\": 6, \"latest_revision_created_at\": \"2016-10-24T15:19:13.932Z\", \"has_unpublished_changes\": false, \"search_description\": \"\", \"body\": \"[{\\\"type\\\": \\\"paragraph\\\", \\\"value\\\": \\\"<p>Is hot</p>\\\"}]\", \"go_live_at\": null, \"title\": \"Mordor\", \"depth\": 4, \"locked\": false, \"show_in_menus\": false, \"expire_at\": null}",
    "approved_go_live_at": null
  }
},
{
  "model": "wagtailcore.pagerevision",
  "pk": 17,
  "fields": {
    "page": 13,
    "submitted_for_moderation": false,
    "created_at": "2017-01-09T10:58:20.525Z",
    "user": 1,
    "content_json": "{\"first_published_at\": null, \"live\": true, \"numchild\": 0, \"person_employment_relationship\": [{\"person_page\": 13, \"employment_statuses\": 1, \"pk\": 3}], \"person_location_relationship\": [{\"person_page\": 13, \"location\": 12, \"pk\": 3}], \"pk\": 13, \"seo_title\": \"\", \"expired\": false, \"slug\": \"boromir\", \"path\": \"0001000100010003\", \"url_path\": \"/homepage/index-page/boromir/\", \"image\": 6, \"person_skills_relationship\": [{\"person_page\": 13, \"sort_order\": 0, \"skills\": 10, \"pk\": 3}, {\"person_page\": 13, \"sort_order\": 1, \"skills\": 6, \"pk\": 4}], \"owner\": 1, \"content_type\": 12, \"latest_revision_created_at\": null, \"has_unpublished_changes\": false, \"search_description\": \"\", \"body\": \"[{\\\"type\\\": \\\"paragraph\\\", \\\"value\\\": \\\"<p>This is some text about boromir</p>\\\"}]\", \"go_live_at\": null, \"title\": \"Boromir\", \"depth\": 4, \"locked\": false, \"show_in_menus\": false, \"expire_at\": null}",
    "approved_go_live_at": null
  }
},
{
  "model": "wagtailcore.pagerevision",
  "pk": 18,
  "fields": {
    "page": 13,
    "submitted_for_moderation": false,
    "created_at": "2017-01-10T16:40:16.085Z",
    "user": 1,
    "content_json": "{\"slug\": \"boromir\", \"title\": \"Boromir\", \"has_unpublished_changes\": false, \"path\": \"0001000100010003\", \"image\": 6, \"content_type\": 12, \"search_description\": \"\", \"url_path\": \"/homepage/index-page/boromir/\", \"numchild\": 0, \"show_in_menus\": false, \"depth\": 4, \"person_employment_relationship\": [{\"employment_statuses\": 1, \"person_page\": 13, \"pk\": 3}], \"go_live_at\": null, \"expire_at\": null, \"seo_title\": \"\", \"latest_revision_created_at\": \"2017-01-09T10:58:20.525Z\", \"first_published_at\": \"2017-01-09T10:58:20.579Z\", \"pk\": 13, \"expired\": false, \"person_skills_relationship\": [{\"person_page\": 13, \"skills\": 10, \"pk\": 3, \"sort_order\": 0}, {\"person_page\": 13, \"skills\": 6, \"pk\": 4, \"sort_order\": 1}], \"person_location_relationship\": [], \"live\": true, \"locked\": false, \"owner\": 1, \"body\": \"[{\\\"type\\\": \\\"paragraph\\\", \\\"value\\\": \\\"<p>This is some text about boromir</p>\\\"}]\"}",
    "approved_go_live_at": null
  }
},
{
  "model": "wagtailcore.pagerevision",
  "pk": 19,
  "fields": {
    "page": 13,
    "submitted_for_moderation": false,
    "created_at": "2017-01-10T16:40:44.785Z",
    "user": 1,
    "content_json": "{\"slug\": \"boromir\", \"title\": \"Boromir\", \"has_unpublished_changes\": false, \"path\": \"0001000100010003\", \"image\": 6, \"content_type\": 12, \"search_description\": \"\", \"url_path\": \"/homepage/index-page/boromir/\", \"numchild\": 0, \"show_in_menus\": false, \"depth\": 4, \"person_employment_relationship\": [{\"employment_statuses\": 1, \"person_page\": 13, \"pk\": 3}], \"go_live_at\": null, \"expire_at\": null, \"seo_title\": \"\", \"latest_revision_created_at\": \"2017-01-10T16:40:16.085Z\", \"first_published_at\": \"2017-01-09T10:58:20.579Z\", \"pk\": 13, \"expired\": false, \"person_skills_relationship\": [{\"person_page\": 13, \"skills\": 10, \"pk\": 3, \"sort_order\": 0}, {\"person_page\": 13, \"skills\": 6, \"pk\": 4, \"sort_order\": 1}], \"person_location_relationship\": [{\"location\": 8, \"person_page\": 13, \"pk\": null}], \"live\": true, \"locked\": false, \"owner\": 1, \"body\": \"[{\\\"type\\\": \\\"paragraph\\\", \\\"value\\\": \\\"<p>This is some text about boromir</p>\\\"}]\"}",
    "approved_go_live_at": null
  }
},
{
  "model": "wagtailcore.pagerevision",
  "pk": 20,
  "fields": {
    "page": 13,
    "submitted_for_moderation": false,
    "created_at": "2017-01-10T17:49:07.000Z",
    "user": 1,
    "content_json": "{\"content_type\": 12, \"url_path\": \"/homepage/index-page/boromir/\", \"search_description\": \"\", \"person_status_relationship\": [{\"person_page\": 13, \"pk\": null, \"person_statuses\": 1}], \"depth\": 4, \"slug\": \"boromir\", \"show_in_menus\": false, \"person_location_relationship\": [{\"person_page\": 13, \"pk\": 4, \"location\": 8}], \"body\": \"[{\\\"value\\\": \\\"<p>This is some text about boromir</p>\\\", \\\"type\\\": \\\"paragraph\\\"}]\", \"image\": 6, \"locked\": false, \"go_live_at\": null, \"expired\": false, \"path\": \"0001000100010003\", \"numchild\": 0, \"has_unpublished_changes\": false, \"owner\": 1, \"latest_revision_created_at\": \"2017-01-10T16:40:44.785Z\", \"pk\": 13, \"person_skills_relationship\": [{\"person_page\": 13, \"pk\": 3, \"sort_order\": 0, \"skills\": 10}, {\"person_page\": 13, \"pk\": 4, \"sort_order\": 1, \"skills\": 6}], \"first_published_at\": \"2017-01-09T10:58:20.579Z\", \"expire_at\": null, \"live\": true, \"seo_title\": \"\", \"title\": \"Boromir\"}",
    "approved_go_live_at": null
  }
},
{
  "model": "wagtailcore.pagerevision",
  "pk": 21,
  "fields": {
    "page": 11,
    "submitted_for_moderation": false,
    "created_at": "2017-01-10T17:49:17.566Z",
    "user": 1,
    "content_json": "{\"content_type\": 12, \"url_path\": \"/homepage/index-page/arwen/\", \"search_description\": \"\", \"person_status_relationship\": [{\"person_page\": 11, \"pk\": null, \"person_statuses\": 2}], \"depth\": 4, \"slug\": \"arwen\", \"show_in_menus\": false, \"person_location_relationship\": [{\"person_page\": 11, \"pk\": 2, \"location\": 8}], \"body\": \"[{\\\"value\\\": \\\"<p>This is some text on Arwen</p>\\\", \\\"type\\\": \\\"paragraph\\\"}]\", \"image\": 3, \"locked\": false, \"go_live_at\": null, \"expired\": false, \"path\": \"0001000100010002\", \"numchild\": 0, \"has_unpublished_changes\": false, \"owner\": 1, \"latest_revision_created_at\": \"2017-01-09T10:35:32.004Z\", \"pk\": 11, \"person_skills_relationship\": [{\"person_page\": 11, \"pk\": 2, \"sort_order\": 0, \"skills\": 10}], \"first_published_at\": \"2017-01-09T10:35:32.077Z\", \"expire_at\": null, \"live\": true, \"seo_title\": \"\", \"title\": \"Arwen\"}",
    "approved_go_live_at": null
  }
},
{
  "model": "wagtailcore.pagerevision",
  "pk": 22,
  "fields": {
    "page": 9,
    "submitted_for_moderation": false,
    "created_at": "2017-01-10T17:49:28.120Z",
    "user": 1,
    "content_json": "{\"content_type\": 12, \"url_path\": \"/homepage/index-page/person/\", \"search_description\": \"\", \"person_status_relationship\": [{\"person_page\": 9, \"pk\": null, \"person_statuses\": 1}], \"depth\": 4, \"slug\": \"person\", \"show_in_menus\": false, \"person_location_relationship\": [{\"person_page\": 9, \"pk\": 1, \"location\": 8}], \"body\": \"[{\\\"value\\\": \\\"<p>Abc</p>\\\", \\\"type\\\": \\\"paragraph\\\"}]\", \"image\": 2, \"locked\": false, \"go_live_at\": null, \"expired\": false, \"path\": \"0001000100010001\", \"numchild\": 0, \"has_unpublished_changes\": false, \"owner\": 1, \"latest_revision_created_at\": \"2017-01-09T10:32:01.469Z\", \"pk\": 9, \"person_skills_relationship\": [{\"person_page\": 9, \"pk\": 1, \"sort_order\": 0, \"skills\": 6}], \"first_published_at\": \"2016-10-24T15:19:40.837Z\", \"expire_at\": null, \"live\": true, \"seo_title\": \"\", \"title\": \"Aragon\"}",
    "approved_go_live_at": null
  }
},
{
  "model": "wagtailcore.page",
  "pk": 1,
  "fields": {
    "path": "0001",
    "depth": 1,
    "numchild": 1,
    "title": "Root",
    "slug": "root",
    "content_type": 1,
    "live": true,
    "has_unpublished_changes": false,
    "url_path": "/",
    "owner": null,
    "seo_title": "",
    "show_in_menus": false,
    "search_description": "",
    "go_live_at": null,
    "expire_at": null,
    "expired": false,
    "locked": false,
    "first_published_at": null,
    "latest_revision_created_at": null
  }
},
{
  "model": "wagtailcore.page",
  "pk": 2,
  "fields": {
    "path": "00010001",
    "depth": 2,
    "numchild": 3,
    "title": "Homepage",
    "slug": "homepage",
    "content_type": 5,
    "live": true,
    "has_unpublished_changes": false,
    "url_path": "/homepage/",
    "owner": 1,
    "seo_title": "",
    "show_in_menus": false,
    "search_description": "",
    "go_live_at": null,
    "expire_at": null,
    "expired": false,
    "locked": false,
    "first_published_at": "2016-10-24T15:15:47.830Z",
    "latest_revision_created_at": "2016-10-24T15:15:47.783Z"
  }
},
{
  "model": "wagtailcore.page",
  "pk": 4,
  "fields": {
    "path": "000100010001",
    "depth": 3,
    "numchild": 3,
    "title": "People",
    "slug": "index-page",
    "content_type": 13,
    "live": true,
    "has_unpublished_changes": false,
    "url_path": "/homepage/index-page/",
    "owner": 1,
    "seo_title": "",
    "show_in_menus": true,
    "search_description": "",
    "go_live_at": null,
    "expire_at": null,
    "expired": false,
    "locked": false,
    "first_published_at": "2016-10-24T15:16:10.211Z",
    "latest_revision_created_at": "2017-01-09T10:33:29.626Z"
  }
},
{
  "model": "wagtailcore.page",
  "pk": 5,
  "fields": {
    "path": "000100010002",
    "depth": 3,
    "numchild": 2,
    "title": "Skills",
    "slug": "skills-index",
    "content_type": 15,
    "live": true,
    "has_unpublished_changes": false,
    "url_path": "/homepage/skills-index/",
    "owner": 1,
    "seo_title": "",
    "show_in_menus": true,
    "search_description": "",
    "go_live_at": null,
    "expire_at": null,
    "expired": false,
    "locked": false,
    "first_published_at": "2016-10-24T15:16:57.890Z",
    "latest_revision_created_at": "2017-01-09T10:33:06.703Z"
  }
},
{
  "model": "wagtailcore.page",
  "pk": 6,
  "fields": {
    "path": "0001000100020001",
    "depth": 4,
    "numchild": 0,
    "title": "Skill A",
    "slug": "skill",
    "content_type": 14,
    "live": true,
    "has_unpublished_changes": false,
    "url_path": "/homepage/skills-index/skill/",
    "owner": 1,
    "seo_title": "",
    "show_in_menus": false,
    "search_description": "",
    "go_live_at": null,
    "expire_at": null,
    "expired": false,
    "locked": false,
    "first_published_at": "2016-10-24T15:17:08.749Z",
    "latest_revision_created_at": "2016-10-24T15:17:08.673Z"
  }
},
{
  "model": "wagtailcore.page",
  "pk": 7,
  "fields": {
    "path": "000100010003",
    "depth": 3,
    "numchild": 2,
    "title": "Locations",
    "slug": "location-index-page",
    "content_type": 7,
    "live": true,
    "has_unpublished_changes": false,
    "url_path": "/homepage/location-index-page/",
    "owner": 1,
    "seo_title": "",
    "show_in_menus": true,
    "search_description": "",
    "go_live_at": null,
    "expire_at": null,
    "expired": false,
    "locked": false,
    "first_published_at": "2016-10-24T15:19:00.608Z",
    "latest_revision_created_at": "2017-01-09T10:33:19.456Z"
  }
},
{
  "model": "wagtailcore.page",
  "pk": 8,
  "fields": {
    "path": "0001000100030001",
    "depth": 4,
    "numchild": 0,
    "title": "Mordor",
    "slug": "mordor",
    "content_type": 6,
    "live": true,
    "has_unpublished_changes": false,
    "url_path": "/homepage/location-index-page/mordor/",
    "owner": 1,
    "seo_title": "",
    "show_in_menus": false,
    "search_description": "",
    "go_live_at": null,
    "expire_at": null,
    "expired": false,
    "locked": false,
    "first_published_at": "2016-10-24T15:19:13.969Z",
    "latest_revision_created_at": "2017-01-09T10:57:20.972Z"
  }
},
{
  "model": "wagtailcore.page",
  "pk": 9,
  "fields": {
    "path": "0001000100010001",
    "depth": 4,
    "numchild": 0,
    "title": "Aragon",
    "slug": "person",
    "content_type": 12,
    "live": true,
    "has_unpublished_changes": false,
    "url_path": "/homepage/index-page/person/",
    "owner": 1,
    "seo_title": "",
    "show_in_menus": false,
    "search_description": "",
    "go_live_at": null,
    "expire_at": null,
    "expired": false,
    "locked": false,
    "first_published_at": "2016-10-24T15:19:40.837Z",
    "latest_revision_created_at": "2017-01-10T17:49:28.120Z"
  }
},
{
  "model": "wagtailcore.page",
  "pk": 10,
  "fields": {
    "path": "0001000100020002",
    "depth": 4,
    "numchild": 0,
    "title": "Skill B",
    "slug": "skill-b",
    "content_type": 14,
    "live": true,
    "has_unpublished_changes": false,
    "url_path": "/homepage/skills-index/skill-b/",
    "owner": 1,
    "seo_title": "",
    "show_in_menus": false,
    "search_description": "",
    "go_live_at": null,
    "expire_at": null,
    "expired": false,
    "locked": false,
    "first_published_at": "2017-01-09T10:32:51.280Z",
    "latest_revision_created_at": "2017-01-09T10:32:51.247Z"
  }
},
{
  "model": "wagtailcore.page",
  "pk": 11,
  "fields": {
    "path": "0001000100010002",
    "depth": 4,
    "numchild": 0,
    "title": "Arwen",
    "slug": "arwen",
    "content_type": 12,
    "live": true,
    "has_unpublished_changes": false,
    "url_path": "/homepage/index-page/arwen/",
    "owner": 1,
    "seo_title": "",
    "show_in_menus": false,
    "search_description": "",
    "go_live_at": null,
    "expire_at": null,
    "expired": false,
    "locked": false,
    "first_published_at": "2017-01-09T10:35:32.077Z",
    "latest_revision_created_at": "2017-01-10T17:49:17.566Z"
  }
},
{
  "model": "wagtailcore.page",
  "pk": 12,
  "fields": {
    "path": "0001000100030002",
    "depth": 4,
    "numchild": 0,
    "title": "Minas Tirith",
    "slug": "minas-tirith",
    "content_type": 6,
    "live": true,
    "has_unpublished_changes": false,
    "url_path": "/homepage/location-index-page/minas-tirith/",
    "owner": 1,
    "seo_title": "",
    "show_in_menus": false,
    "search_description": "",
    "go_live_at": null,
    "expire_at": null,
    "expired": false,
    "locked": false,
    "first_published_at": "2017-01-09T10:57:05.960Z",
    "latest_revision_created_at": "2017-01-09T10:57:05.919Z"
  }
},
{
  "model": "wagtailcore.page",
  "pk": 13,
  "fields": {
    "path": "0001000100010003",
    "depth": 4,
    "numchild": 0,
    "title": "Boromir",
    "slug": "boromir",
    "content_type": 12,
    "live": true,
    "has_unpublished_changes": false,
    "url_path": "/homepage/index-page/boromir/",
    "owner": 1,
    "seo_title": "",
    "show_in_menus": false,
    "search_description": "",
    "go_live_at": null,
    "expire_at": null,
    "expired": false,
    "locked": false,
    "first_published_at": "2017-01-09T10:58:20.579Z",
    "latest_revision_created_at": "2017-01-10T17:49:07.000Z"
  }
},
{
  "model": "wagtailimages.image",
  "pk": 1,
  "fields": {
    "title": "asdr",
    "file": "original_images/Capture_decran_2016-09-20_a_14.18.22.png",
    "width": 1256,
    "height": 922,
    "created_at": "2016-10-24T15:51:16.964Z",
    "uploaded_by_user": null,
    "focal_point_x": null,
    "focal_point_y": null,
    "focal_point_width": null,
    "focal_point_height": null,
    "file_size": 820274
  }
},
{
  "model": "wagtailimages.image",
  "pk": 2,
  "fields": {
    "collection": 1,
    "title": "aragorn",
    "file": "original_images/Aragorn_Close_up_-_FOTR.png",
    "width": 683,
    "height": 528,
    "created_at": "2017-01-09T10:31:49.281Z",
    "uploaded_by_user": 1,
    "focal_point_x": null,
    "focal_point_y": null,
    "focal_point_width": null,
    "focal_point_height": null,
    "file_size": 353424
  }
},
{
  "model": "wagtailimages.image",
  "pk": 3,
  "fields": {
    "collection": 1,
    "title": "Arwen",
    "file": "original_images/Liv_Tyler_Arwen_Undomiel.jpg",
    "width": 500,
    "height": 331,
    "created_at": "2017-01-09T10:32:28.078Z",
    "uploaded_by_user": 1,
    "focal_point_x": null,
    "focal_point_y": null,
    "focal_point_width": null,
    "focal_point_height": null,
    "file_size": 32796
  }
},
{
  "model": "wagtailimages.image",
  "pk": 4,
  "fields": {
    "collection": 1,
    "title": "minas tirith",
    "file": "original_images/gandalf-galopping-to-minas-tirith-lord-of-the-rings-5883.jpg",
    "width": 1680,
    "height": 1050,
    "created_at": "2017-01-09T10:56:56.243Z",
    "uploaded_by_user": 1,
    "focal_point_x": null,
    "focal_point_y": null,
    "focal_point_width": null,
    "focal_point_height": null,
    "file_size": 378978
  }
},
{
  "model": "wagtailimages.image",
  "pk": 5,
  "fields": {
    "collection": 1,
    "title": "mordor",
    "file": "original_images/Yre1o.jpg",
    "width": 1920,
    "height": 1080,
    "created_at": "2017-01-09T10:57:18.610Z",
    "uploaded_by_user": 1,
    "focal_point_x": null,
    "focal_point_y": null,
    "focal_point_width": null,
    "focal_point_height": null,
    "file_size": 113346
  }
},
{
  "model": "wagtailimages.image",
  "pk": 6,
  "fields": {
    "collection": 1,
    "title": "boromir",
    "file": "original_images/Lotr-boromir-1280jpg-b6a4d5_1280w.jpg",
    "width": 1280,
    "height": 720,
    "created_at": "2017-01-09T10:58:10.993Z",
    "uploaded_by_user": 1,
    "focal_point_x": null,
    "focal_point_y": null,
    "focal_point_width": null,
    "focal_point_height": null,
    "file_size": 100164
  }
},
{
  "model": "skills.skillsindexpage",
  "pk": 5,
  "fields": {
    "introduction": ""
  }
},
{
  "model": "skills.skillspage",
  "pk": 6,
  "fields": {
    "body": "<p>Text about this skill</p>"
  }
},
{
  "model": "skills.skillspage",
  "pk": 10,
  "fields": {
    "body": "<p>This is information about a skill</p>"
  }
},
{
  "model": "people.personindexpage",
  "pk": 4,
  "fields": {
    "introduction": "This is a piece of introductory text"
  }
},
{
  "model": "people.personpage",
  "pk": 9,
  "fields": {
    "image": 2,
    "body": "[{\"type\": \"paragraph\", \"value\": \"<p>Abc</p>\"}]"
  }
},
{
  "model": "people.personpage",
  "pk": 11,
  "fields": {
    "image": 3,
    "body": "[{\"type\": \"paragraph\", \"value\": \"<p>This is some text on Arwen</p>\"}]"
  }
},
{
  "model": "people.personpage",
  "pk": 13,
  "fields": {
    "image": 6,
    "body": "[{\"type\": \"paragraph\", \"value\": \"<p>This is some text about boromir</p>\"}]"
  }
},
{
  "model": "locations.locationindexpage",
  "pk": 7,
  "fields": {
    "introduction": "This is a list of places"
  }
},
{
  "model": "locations.locationpage",
  "pk": 8,
  "fields": {
    "image": 5,
    "body": "[{\"type\": \"paragraph\", \"value\": \"<p>Is hot</p>\"}]"
  }
},
{
  "model": "locations.locationpage",
  "pk": 12,
  "fields": {
    "image": 4,
    "body": "[{\"type\": \"paragraph\", \"value\": \"<p>This is some text about minas tirith</p>\"}]"
  }
},
{
  "model": "home.homepage",
  "pk": 2,
  "fields": {
    "organisation_name": "Some sort of superstar team",
    "strapline": "Something awesome",
    "hero_image": null,
    "featured_page_1_text": "",
    "featured_page_1": null,
    "featured_page_2_text": "",
    "featured_page_2": null,
    "featured_page_3_text": "",
    "featured_page_3": null
  }
}
]
